{
  "env_id": "Maze-Auto-Random-9x9",
  "agent_type": "tdlambda",
  "model_path": "saved_models\\20260414-191131-tdlambda-Maze-Auto-Random-9x9\\tdlambda_Maze-Auto-Random-9x9.npy",
  "eval_episodes": 20,
  "seed": 42,
  "args": {},
  "model_metadata": {
    "env_id": "Maze-Auto-Random-9x9",
    "method": "tdlambda",
    "num_episodes": 10000,
    "log_interval": 10,
    "state_size": 243,
    "n_actions": 4,
    "alpha": 0.0003,
    "gamma": 0.99,
    "epsilon": 1.0,
    "epsilon_min": 0.05,
    "epsilon_decay": 0.9999,
    "lambda_value": 0.8,
    "seed": 42,
    "save_dir": "saved_models\\20260414-191131-tdlambda-Maze-Auto-Random-9x9"
  },
  "rewards": [
    -1.9200000000000015,
    -2.0000000000000013,
    -1.9200000000000015,
    -1.9000000000000015,
    -1.9600000000000015,
    -1.9800000000000015,
    1.0,
    -1.9600000000000015,
    -1.9400000000000015,
    -1.9800000000000015,
    -1.9800000000000015,
    -2.0000000000000013,
    -2.0000000000000013,
    -1.9800000000000015,
    -1.9200000000000015,
    -1.9600000000000015,
    -2.0000000000000013,
    -2.0000000000000013,
    -1.9800000000000015,
    -1.9200000000000015
  ],
  "mean_reward": -1.8150000000000013
}